nodo,n,score_mean,rule_score_mean,severidad_mean,cat_top,cats_unicas,degree
cube71_cluster4,5,0.6285329768843708,160.0,3.0,DUPLICADO,1,3
cube72_cluster2,5,0.6285329768843708,160.0,3.0,DUPLICADO,1,3
cube83_cluster2,5,0.6285329768843708,160.0,3.0,DUPLICADO,1,3
cube84_cluster2,5,0.6285329768843708,160.0,3.0,DUPLICADO,1,3
cube59_cluster10,3,0.6233453648621136,130.0,3.0,MONTO_ATIPICO,1,3
cube60_cluster3,3,0.6233453648621136,130.0,3.0,MONTO_ATIPICO,1,3
cube71_cluster8,3,0.6233453648621136,130.0,3.0,MONTO_ATIPICO,1,3
cube72_cluster4,3,0.6233453648621136,130.0,3.0,MONTO_ATIPICO,1,3
cube98_cluster1,10,0.6121931565110671,90.0,3.0,DUPLICADO,1,3
cube99_cluster1,10,0.6121931565110671,90.0,3.0,DUPLICADO,1,3
cube109_cluster1,10,0.6121931565110671,90.0,3.0,DUPLICADO,1,3
cube110_cluster0,10,0.6121931565110671,90.0,3.0,DUPLICADO,1,3
cube94_cluster1,475,0.6055903863816806,132.85263157894738,3.0,DUPLICADO,2,3
cube95_cluster2,475,0.6055903863816806,132.85263157894738,3.0,DUPLICADO,2,3
cube99_cluster0,40,0.6043233704791072,64.375,3.0,DUPLICADO,3,3
cube109_cluster0,278,0.6038120813167697,54.89208633093525,3.0,FUERA_DE_ESTANCIA,4,3
cube108_cluster0,360,0.6031460449028616,55.361111111111114,3.0,FUERA_DE_ESTANCIA,4,5
cube120_cluster0,1546,0.6018221533231041,44.02975420439845,2.0,CANCELACION_SOSPECHOSA,4,5
cube98_cluster0,1311,0.6018124653054375,60.95728451563692,3.0,DUPLICADO,5,7
cube121_cluster0,2214,0.6017265335043506,42.13640469738031,2.0,CANCELACION_SOSPECHOSA,4,5
cube103_cluster2,16,0.601696426946836,35.0,2.0,FUERA_DE_ESTANCIA,1,3
cube113_cluster0,1568,0.601451837541443,43.45663265306123,2.0,CANCELACION_SOSPECHOSA,5,8
cube122_cluster1,791,0.6012819735652268,38.57142857142857,2.0,FUERA_DE_ESTANCIA,4,3
cube107_cluster1,82,0.6008880190118074,56.951219512195124,3.0,FUERA_DE_ESTANCIA,1,3
cube97_cluster0,2638,0.6007429008787895,62.51895375284306,3.0,FUERA_DE_ESTANCIA,5,8
cube114_cluster0,2917,0.6006474153759973,37.10833047651697,2.0,CANCELACION_SOSPECHOSA,5,9
cube107_cluster5,5,0.6006372946601533,125.0,3.0,DUPLICADO,1,3
cube108_cluster3,5,0.6006372946601533,125.0,3.0,DUPLICADO,1,3
cube117_cluster3,5,0.6006372946601533,125.0,3.0,DUPLICADO,1,3
cube118_cluster2,5,0.6006372946601533,125.0,3.0,DUPLICADO,1,3
cube88_cluster0,157,0.6003297976399945,60.47770700636943,3.0,DUPLICADO,4,5
cube107_cluster3,10,0.6001936456213406,90.0,3.0,DUPLICADO,1,3
cube108_cluster2,10,0.6001936456213406,90.0,3.0,DUPLICADO,1,3
cube117_cluster2,10,0.6001936456213406,90.0,3.0,DUPLICADO,1,3
cube118_cluster1,10,0.6001936456213406,90.0,3.0,DUPLICADO,1,3
cube112_cluster0,123,0.6000694711299274,43.00813008130081,2.0,MONTO_ATIPICO,4,3
cube119_cluster0,123,0.6000694711299274,43.00813008130081,2.0,MONTO_ATIPICO,4,3
cube96_cluster0,1398,0.5996334658336051,64.32403433476395,3.0,FUERA_DE_ESTANCIA,4,7
cube87_cluster0,1621,0.599293294756262,63.42381246144355,3.0,DUPLICADO,5,10
cube86_cluster0,4058,0.5992397856935713,70.57540660423854,3.0,DUPLICADO,5,8
cube85_cluster0,3585,0.5990939335135994,79.11854951185495,3.0,DUPLICADO,4,8
cube115_cluster0,1938,0.5989996139134351,28.71001031991744,2.0,CANCELACION_SOSPECHOSA,5,7
cube76_cluster0,117,0.5989644735924345,59.14529914529915,3.0,DUPLICADO,4,3
cube95_cluster5,12,0.5982883233046721,65.0,3.0,DUPLICADO,1,3
cube96_cluster3,12,0.5982883233046721,65.0,3.0,DUPLICADO,1,3
cube106_cluster2,12,0.5982883233046721,65.0,3.0,DUPLICADO,1,3
cube107_cluster4,12,0.5982883233046721,65.0,3.0,DUPLICADO,1,3
cube104_cluster0,2294,0.5976971752234862,22.044463818657366,2.0,CONTEXTO_RESERVACION,4,9
cube93_cluster0,1510,0.597378251373479,21.70860927152318,2.0,CONTEXTO_RESERVACION,4,5
cube105_cluster0,3016,0.5972253021025338,21.883289124668433,2.0,CONTEXTO_RESERVACION,4,8
cube94_cluster0,1835,0.5968856019893738,21.623978201634877,2.0,CONTEXTO_RESERVACION,4,5
cube116_cluster0,466,0.5966538142241515,21.98497854077253,2.0,CONTEXTO_RESERVACION,3,3
cube92_cluster1,442,0.5962856012858372,20.90497737556561,2.0,CONTEXTO_RESERVACION,3,3
cube103_cluster0,495,0.5961646449770271,21.0,2.0,CONTEXTO_RESERVACION,3,5
cube106_cluster0,1233,0.5959795890294746,21.399026763990268,2.0,CONTEXTO_RESERVACION,3,5
cube84_cluster0,2069,0.5958673064912928,107.99661672305461,3.0,DUPLICADO,4,12
cube75_cluster0,588,0.5958130057662145,64.88945578231292,3.0,DUPLICADO,4,7
cube64_cluster1,10,0.5955880681924614,90.0,3.0,DUPLICADO,1,1
cube76_cluster2,10,0.5955880681924614,90.0,3.0,DUPLICADO,1,1
cube95_cluster0,767,0.5955699554692144,21.043024771838333,2.0,CONTEXTO_RESERVACION,3,3
cube117_cluster0,156,0.594360660574727,0.0,2.0,ATIPICO_IF,1,3
cube122_cluster0,1039,0.5942545778337838,0.0,2.0,ATIPICO_IF,1,3
cube123_cluster0,1404,0.5941981069514535,0.0,2.0,ATIPICO_IF,1,5
cube124_cluster0,365,0.5940373583302446,0.0,2.0,ATIPICO_IF,1,3
cube83_cluster1,1074,0.5936418308227538,122.1973929236499,3.0,DUPLICADO,3,5
cube74_cluster0,2767,0.5934492010712478,84.05131911817853,3.0,DUPLICADO,4,11
cube116_cluster1,556,0.5930940256170646,0.0,2.0,ATIPICO_IF,1,5
cube73_cluster0,4135,0.5930224997588267,90.1136638452237,3.0,DUPLICADO,4,8
cube115_cluster1,400,0.5926000379835762,0.0,2.0,ATIPICO_IF,1,3
cube95_cluster6,31,0.5913232230128261,75.48387096774194,3.0,DUPLICADO,3,3
cube16_cluster1,12,0.5896222221855056,65.0,3.0,DUPLICADO,1,3
cube17_cluster1,12,0.5896222221855056,65.0,3.0,DUPLICADO,1,3
cube27_cluster1,12,0.5896222221855056,65.0,3.0,DUPLICADO,1,3
cube28_cluster2,12,0.5896222221855056,65.0,3.0,DUPLICADO,1,3
cube76_cluster3,24,0.5876818730582114,65.0,3.0,DUPLICADO,1,3
cube88_cluster1,24,0.5876818730582114,65.0,3.0,DUPLICADO,1,3
cube18_cluster0,18,0.5858703394070482,90.0,3.0,DUPLICADO,1,3
cube29_cluster1,18,0.5858703394070482,90.0,3.0,DUPLICADO,1,3
cube107_cluster2,31,0.5830393065779511,114.51612903225806,3.0,DUPLICADO,1,3
cube108_cluster1,31,0.5830393065779511,114.51612903225806,3.0,DUPLICADO,1,3
cube117_cluster1,31,0.5830393065779511,114.51612903225806,3.0,DUPLICADO,1,3
cube118_cluster0,31,0.5830393065779511,114.51612903225806,3.0,DUPLICADO,1,3
cube83_cluster4,9,0.5812879541761989,65.0,2.0,DUPLICADO,1,3
cube84_cluster4,9,0.5812879541761989,65.0,2.0,DUPLICADO,1,3
cube94_cluster3,9,0.5812879541761989,65.0,2.0,DUPLICADO,1,3
cube95_cluster7,9,0.5812879541761989,65.0,2.0,DUPLICADO,1,3
cube58_cluster1,17,0.5800343475694647,65.0,2.0,DUPLICADO,1,3
cube59_cluster5,17,0.5800343475694647,65.0,2.0,DUPLICADO,1,3
cube70_cluster1,17,0.5800343475694647,65.0,2.0,DUPLICADO,1,3
cube71_cluster3,17,0.5800343475694647,65.0,2.0,DUPLICADO,1,3
cube5_cluster1,14,0.5799147714303476,65.0,2.0,DUPLICADO,1,1
cube67_cluster1,5,0.5789714183577626,75.0,2.0,DUPLICADO,1,3
cube68_cluster1,5,0.5789714183577626,75.0,2.0,DUPLICADO,1,3
cube79_cluster1,5,0.5789714183577626,75.0,2.0,DUPLICADO,1,3
cube80_cluster1,5,0.5789714183577626,75.0,2.0,DUPLICADO,1,3
cube41_cluster0,14,0.5788732297343503,65.0,2.0,DUPLICADO,1,3
cube53_cluster1,14,0.5788732297343503,65.0,2.0,DUPLICADO,1,3
cube61_cluster0,2285,0.5768691019393982,92.77242888402625,3.0,DUPLICADO,4,8
cube91_cluster1,10,0.5766206969638576,75.5,2.0,DUPLICADO,2,3
cube92_cluster2,10,0.5766206969638576,75.5,2.0,DUPLICADO,2,3
cube102_cluster1,10,0.5766206969638576,75.5,2.0,DUPLICADO,2,3
cube103_cluster3,10,0.5766206969638576,75.5,2.0,DUPLICADO,2,3
cube72_cluster0,3177,0.5765455501848837,102.3245199874095,3.0,DUPLICADO,4,8
cube85_cluster1,28,0.5765407824314456,114.46428571428571,3.0,DUPLICADO,1,3
cube95_cluster1,28,0.5765407824314456,114.46428571428571,3.0,DUPLICADO,1,3
cube96_cluster1,28,0.5765407824314456,114.46428571428571,3.0,DUPLICADO,1,3
cube71_cluster6,4,0.5716043901711868,140.0,3.0,DUPLICADO,1,3
cube72_cluster3,4,0.5716043901711868,140.0,3.0,DUPLICADO,1,3
cube83_cluster3,4,0.5716043901711868,140.0,3.0,DUPLICADO,1,3
cube84_cluster3,4,0.5716043901711868,140.0,3.0,DUPLICADO,1,3
cube71_cluster2,137,0.5712284118374766,77.77372262773723,2.0,DUPLICADO,4,3
cube63_cluster1,8,0.5706535516543856,95.0,3.0,DUPLICADO,1,3
cube75_cluster2,8,0.5706535516543856,95.0,3.0,DUPLICADO,1,3
cube44_cluster2,35,0.5705160851180026,72.14285714285714,2.0,CANCELACION_SOSPECHOSA,2,3
cube45_cluster1,35,0.5705160851180026,72.14285714285714,2.0,CANCELACION_SOSPECHOSA,2,3
cube44_cluster1,101,0.569712017943128,74.85148514851485,2.0,DUPLICADO,3,3
cube86_cluster1,4,0.5651573908304167,30.0,3.0,METODO_PAGO,1,3
cube97_cluster1,4,0.5651573908304167,30.0,3.0,METODO_PAGO,1,3
cube7_cluster0,67,0.5637659940288247,90.0,3.0,DUPLICADO,1,3
cube42_cluster2,42,0.5624532339330396,65.0,2.0,DUPLICADO,1,5
cube54_cluster1,42,0.5624532339330396,65.0,2.0,DUPLICADO,1,5
cube4_cluster2,29,0.5613621064014537,90.0,3.0,DUPLICADO,1,3
cube85_cluster2,3,0.5607362584876262,30.0,3.0,METODO_PAGO,1,3
cube96_cluster4,3,0.5607362584876262,30.0,3.0,METODO_PAGO,1,3
cube58_cluster0,2750,0.5605400696728963,74.84,2.0,DUPLICADO,4,8
cube3_cluster2,9,0.5601685866292695,65.0,2.0,DUPLICADO,1,3
cube4_cluster3,9,0.5601685866292695,65.0,2.0,DUPLICADO,1,3
cube12_cluster2,9,0.5601685866292695,65.0,2.0,DUPLICADO,1,3
cube13_cluster3,9,0.5601685866292695,65.0,2.0,DUPLICADO,1,3
cube1_cluster1,16,0.5600546592483986,65.0,2.0,DUPLICADO,1,3
cube2_cluster1,16,0.5600546592483986,65.0,2.0,DUPLICADO,1,3
cube10_cluster1,16,0.5600546592483986,65.0,2.0,DUPLICADO,1,3
cube11_cluster1,16,0.5600546592483986,65.0,2.0,DUPLICADO,1,3
cube0_cluster0,59,0.5587679783887747,65.0,2.0,DUPLICADO,1,3
cube85_cluster3,3,0.5585630005630882,30.0,3.0,METODO_PAGO,1,3
cube86_cluster2,3,0.5585630005630882,30.0,3.0,METODO_PAGO,1,3
cube96_cluster5,3,0.5585630005630882,30.0,3.0,METODO_PAGO,1,3
cube97_cluster2,3,0.5585630005630882,30.0,3.0,METODO_PAGO,1,3
cube58_cluster4,18,0.5581135956004624,65.0,2.0,DUPLICADO,1,3
cube59_cluster9,18,0.5581135956004624,65.0,2.0,DUPLICADO,1,3
cube71_cluster1,1348,0.5545025981896712,114.27299703264094,3.0,DUPLICADO,3,5
cube55_cluster1,28,0.5542432360323841,65.0,2.0,DUPLICADO,1,3
cube57_cluster0,4080,0.5533695311635446,70.90441176470588,2.0,DUPLICADO,4,11
cube62_cluster0,1855,0.5527272684970228,91.28301886792453,3.0,DUPLICADO,4,10
cube60_cluster0,2385,0.5517155706841462,99.50733752620545,3.0,DUPLICADO,4,10
cube59_cluster1,449,0.5512635827052704,75.48997772828508,2.0,MONTO_ATIPICO,4,5
cube47_cluster2,10,0.5507334529704049,65.0,2.0,DUPLICADO,1,3
cube48_cluster1,10,0.5507334529704049,65.0,2.0,DUPLICADO,1,3
cube59_cluster2,10,0.5507334529704049,65.0,2.0,DUPLICADO,1,3
cube60_cluster1,10,0.5507334529704049,65.0,2.0,DUPLICADO,1,3
cube45_cluster0,2255,0.5505684454305579,73.54545454545455,2.0,DUPLICADO,4,10
cube70_cluster0,2190,0.5488006708219811,70.39041095890411,2.0,DUPLICADO,4,9
cube69_cluster0,3417,0.5478299159415251,67.90020485806262,2.0,DUPLICADO,4,8
cube65_cluster1,21,0.5470697927105103,65.0,2.0,DUPLICADO,1,1
cube77_cluster1,21,0.5470697927105103,65.0,2.0,DUPLICADO,1,1
cube104_cluster1,10,0.546540316787367,65.0,2.0,DUPLICADO,1,3
cube8_cluster0,20,0.5460959468733825,65.0,2.0,DUPLICADO,1,3
cube9_cluster0,20,0.5460959468733825,65.0,2.0,DUPLICADO,1,3
cube19_cluster0,20,0.5460959468733825,65.0,2.0,DUPLICADO,1,3
cube47_cluster3,6,0.545101279211971,90.0,3.0,DUPLICADO,1,3
cube48_cluster2,6,0.545101279211971,90.0,3.0,DUPLICADO,1,3
cube59_cluster6,6,0.545101279211971,90.0,3.0,DUPLICADO,1,3
cube60_cluster2,6,0.545101279211971,90.0,3.0,DUPLICADO,1,3
cube46_cluster0,3220,0.5427978234705189,74.89596273291926,2.0,MONTO_ATIPICO,4,10
cube3_cluster1,35,0.5427611383191694,85.0,2.0,DUPLICADO,1,3
cube4_cluster0,35,0.5427611383191694,85.0,2.0,DUPLICADO,1,3
cube12_cluster1,35,0.5427611383191694,85.0,2.0,DUPLICADO,1,3
cube13_cluster1,35,0.5427611383191694,85.0,2.0,DUPLICADO,1,3
cube95_cluster3,13,0.5412589517238567,90.0,3.0,DUPLICADO,1,3
cube96_cluster2,13,0.5412589517238567,90.0,3.0,DUPLICADO,1,3
cube106_cluster1,13,0.5412589517238567,90.0,3.0,DUPLICADO,1,3
cube107_cluster0,13,0.5412589517238567,90.0,3.0,DUPLICADO,1,3
cube103_cluster5,31,0.5404703307679454,65.0,2.0,DUPLICADO,1,5
cube4_cluster1,259,0.5395735048903307,65.0,2.0,DUPLICADO,1,4
cube101_cluster0,17,0.5388265254348197,65.0,2.0,DUPLICADO,1,3
cube102_cluster2,17,0.5388265254348197,65.0,2.0,DUPLICADO,1,3
cube111_cluster0,17,0.5388265254348197,65.0,2.0,DUPLICADO,1,3
cube112_cluster1,17,0.5388265254348197,65.0,2.0,DUPLICADO,1,3
cube102_cluster4,21,0.5375798612348875,65.0,2.0,DUPLICADO,1,3
cube1_cluster0,153,0.535226536233035,65.0,2.0,DUPLICADO,1,5
cube94_cluster2,544,0.5348094721156563,64.96323529411765,2.0,DUPLICADO,1,5
cube47_cluster1,1482,0.5333909776291839,74.77058029689609,2.0,MONTO_ATIPICO,4,7
cube6_cluster0,194,0.5311330300401544,90.0,3.0,DUPLICADO,1,5
cube59_cluster0,751,0.5310887799955953,114.73368841544607,3.0,DUPLICADO,1,3
cube56_cluster0,2702,0.5304925020493816,65.64026646928201,2.0,DUPLICADO,4,11
cube33_cluster1,87,0.5299031596588516,65.0,2.0,DUPLICADO,1,3
cube59_cluster4,265,0.5295557067622524,90.32075471698113,3.0,DUPLICADO,2,3
cube28_cluster1,16,0.5294677455901649,90.0,3.0,DUPLICADO,1,3
cube68_cluster0,2878,0.5294666738715246,64.93919388464211,2.0,DUPLICADO,5,9
cube35_cluster1,1330,0.529074349506886,73.66541353383458,2.0,MONTO_ATIPICO,4,5
cube34_cluster0,2661,0.52795028916503,71.24013528748591,2.0,MONTO_ATIPICO,5,8
cube49_cluster0,1996,0.5263286274598401,90.70891783567134,3.0,DUPLICADO,3,8
cube75_cluster1,137,0.5248567397912949,90.0,3.0,DUPLICADO,1,5
cube93_cluster1,1266,0.5241895733808521,64.97630331753554,2.0,DUPLICADO,1,7
cube81_cluster0,2386,0.5234904222804152,65.09010896898575,2.0,DUPLICADO,5,8
cube77_cluster0,204,0.5232767584663203,65.0,2.0,DUPLICADO,1,3
cube40_cluster0,436,0.5232437488856626,89.79357798165138,3.0,DUPLICADO,2,5
cube28_cluster0,855,0.5231779068074509,90.14035087719299,3.0,DUPLICADO,2,9
cube3_cluster0,632,0.5227950183871175,65.0,2.0,DUPLICADO,1,5
cube5_cluster0,156,0.522737098163467,90.0,3.0,DUPLICADO,1,5
cube76_cluster1,132,0.5226158030925334,90.0,3.0,DUPLICADO,1,3
cube80_cluster0,2435,0.5221601133857553,65.0965092402464,2.0,DUPLICADO,5,8
cube82_cluster0,2134,0.5220206110635796,64.97891283973759,2.0,DUPLICADO,3,8
cube33_cluster0,1920,0.5209770055849087,67.61979166666667,2.0,DUPLICADO,4,8
cube50_cluster0,2240,0.5205502196832338,90.50892857142857,3.0,DUPLICADO,3,8
cube24_cluster1,1021,0.5205160708206183,90.03917727717923,3.0,DUPLICADO,2,5
cube39_cluster0,1488,0.5204319300933437,90.00336021505376,3.0,DUPLICADO,3,9
cube38_cluster0,2360,0.5203963799552188,90.5042372881356,3.0,DUPLICADO,3,9
cube48_cluster0,2187,0.5202388372356738,90.18747142203932,3.0,DUPLICADO,2,9
cube52_cluster0,743,0.52015713781473,89.87886944818304,3.0,DUPLICADO,2,5
cube17_cluster0,358,0.5200568541556411,90.02793296089385,3.0,DUPLICADO,2,5
cube83_cluster0,1253,0.5200132711038561,64.97605746209098,2.0,DUPLICADO,1,8
cube102_cluster0,25,0.5198800886102182,64.8,2.0,DUPLICADO,2,3
cube103_cluster1,25,0.5198800886102182,64.8,2.0,DUPLICADO,2,3
cube44_cluster0,1325,0.5198144188768622,65.66792452830188,2.0,DUPLICADO,4,9
cube92_cluster3,14,0.5194024814476831,65.0,2.0,DUPLICADO,1,3
cube103_cluster4,14,0.5194024814476831,65.0,2.0,DUPLICADO,1,3
cube59_cluster3,123,0.5189664685695934,90.0,3.0,DUPLICADO,1,3
cube13_cluster2,347,0.5187496253259666,90.05763688760807,3.0,DUPLICADO,2,5
cube35_cluster0,1302,0.5180655438956905,90.04992319508449,3.0,DUPLICADO,2,5
cube47_cluster0,987,0.5176962377637919,90.13171225937184,3.0,DUPLICADO,2,6
cube37_cluster0,2770,0.516583301207744,90.47653429602889,3.0,DUPLICADO,3,8
cube92_cluster0,1635,0.5160957751284789,64.98165137614679,2.0,DUPLICADO,3,10
cube91_cluster0,1926,0.5158851815545349,64.99480789200415,2.0,DUPLICADO,4,13
cube36_cluster0,2789,0.515633974978674,90.10397992111868,3.0,DUPLICADO,2,8
cube64_cluster0,514,0.5153949418399076,90.0,3.0,DUPLICADO,1,5
cube51_cluster0,2153,0.5150710197669641,89.960520204366,3.0,DUPLICADO,3,8
cube2_cluster0,481,0.5149648024382623,65.0,2.0,DUPLICADO,1,5
cube25_cluster0,2243,0.5141177249176019,90.03789567543468,3.0,DUPLICADO,2,8
cube63_cluster0,1315,0.5141131615154978,90.01520912547528,3.0,DUPLICADO,2,8
cube102_cluster3,338,0.5136210838335054,65.0,2.0,DUPLICADO,1,5
cube16_cluster0,691,0.5133337190956254,90.01447178002894,3.0,DUPLICADO,2,7
cube27_cluster0,1612,0.5126347646328471,90.06203473945409,3.0,DUPLICADO,3,9
cube42_cluster0,647,0.5121549437430657,64.96136012364761,2.0,DUPLICADO,2,7
cube14_cluster0,1052,0.5121452683433483,90.07604562737643,3.0,DUPLICADO,2,8
cube95_cluster4,63,0.5121270248459087,65.0,2.0,DUPLICADO,1,3
cube90_cluster0,1512,0.5119730535573863,65.00661375661376,2.0,DUPLICADO,2,8
cube20_cluster0,1239,0.5119544183049549,64.9636803874092,2.0,DUPLICADO,4,10
cube10_cluster0,898,0.511800434232049,65.0,2.0,DUPLICADO,1,8
cube9_cluster1,476,0.5113965454174935,65.0,2.0,DUPLICADO,1,5
cube32_cluster0,1981,0.5113797307884831,64.9469964664311,2.0,DUPLICADO,4,9
cube55_cluster0,1717,0.5109672135014353,64.97961560861968,2.0,DUPLICADO,3,9
cube101_cluster1,479,0.5100600127224456,65.0,2.0,DUPLICADO,1,5
cube21_cluster0,2000,0.5094596814504758,64.955,2.0,DUPLICADO,4,8
cube13_cluster0,910,0.5093458793848824,64.97802197802197,2.0,DUPLICADO,1,5
cube15_cluster0,1056,0.509327286482743,90.05681818181819,3.0,DUPLICADO,2,8
cube43_cluster0,1704,0.5092466101486864,64.98239436619718,2.0,DUPLICADO,3,13
cube31_cluster0,1683,0.509171953024142,64.9673202614379,2.0,DUPLICADO,4,10
cube71_cluster0,709,0.5086604737125735,64.98589562764457,2.0,DUPLICADO,1,5
cube79_cluster0,1875,0.5081401665441182,64.99466666666666,2.0,DUPLICADO,3,8
cube54_cluster0,1277,0.5075304121745239,64.98042286609241,2.0,DUPLICADO,2,9
cube11_cluster0,1210,0.5073941820585041,64.99173553719008,2.0,DUPLICADO,1,8
cube22_cluster0,1916,0.507266393829036,64.95824634655533,2.0,DUPLICADO,4,8
cube12_cluster0,1698,0.5072318470019904,64.98233215547704,2.0,DUPLICADO,1,8
cube23_cluster0,1963,0.5060779964240059,64.9745287824758,2.0,DUPLICADO,4,8
cube26_cluster0,2056,0.506045085771058,90.01215953307393,3.0,DUPLICADO,3,8
cube67_cluster0,1764,0.5057119219807611,64.98015873015873,2.0,DUPLICADO,2,9
cube65_cluster0,696,0.5054330124383262,65.0,2.0,DUPLICADO,1,5
cube30_cluster0,249,0.5053108905506256,65.0,2.0,DUPLICADO,1,5
cube56_cluster1,18,0.5050718290608516,65.0,2.0,DUPLICADO,1,3
cube89_cluster0,450,0.5036554994345118,65.0,2.0,DUPLICADO,1,5
cube24_cluster0,843,0.5033957013109378,64.98220640569394,2.0,DUPLICADO,2,5
cube100_cluster0,155,0.5031384161199624,65.0,2.0,DUPLICADO,1,3
cube84_cluster1,118,0.5014039665960272,65.0,2.0,DUPLICADO,1,5
cube66_cluster0,1600,0.5013189850574077,64.990625,2.0,DUPLICADO,2,8
cube29_cluster0,75,0.5011364695373663,90.0,3.0,DUPLICADO,1,3
cube78_cluster0,1031,0.5000179622591941,64.9854510184287,2.0,DUPLICADO,2,7
cube53_cluster0,492,0.498034386036475,65.0,2.0,DUPLICADO,1,3
cube41_cluster1,9,0.49498912377976967,65.0,2.0,DUPLICADO,1,3
cube53_cluster2,9,0.49498912377976967,65.0,2.0,DUPLICADO,1,3
cube58_cluster3,19,0.4937861636904998,65.0,2.0,DUPLICADO,1,3
cube59_cluster8,19,0.4937861636904998,65.0,2.0,DUPLICADO,1,3
cube70_cluster3,19,0.4937861636904998,65.0,2.0,DUPLICADO,1,3
cube71_cluster7,19,0.4937861636904998,65.0,2.0,DUPLICADO,1,3
cube58_cluster2,10,0.4937372080158946,65.0,2.0,DUPLICADO,1,3
cube59_cluster7,10,0.4937372080158946,65.0,2.0,DUPLICADO,1,3
cube70_cluster2,10,0.4937372080158946,65.0,2.0,DUPLICADO,1,3
cube71_cluster5,10,0.4937372080158946,65.0,2.0,DUPLICADO,1,3
cube30_cluster1,129,0.49024286426277836,65.0,2.0,DUPLICADO,1,3
cube42_cluster1,129,0.49024286426277836,65.0,2.0,DUPLICADO,1,3
cube72_cluster1,55,0.4891211907825266,65.0,2.0,DUPLICADO,1,3
cube19_cluster1,15,0.4882748161766624,65.0,2.0,DUPLICADO,1,3
